sub,rating,iat_original,iat
"geo:50.1232861,8.6381339?u=50&q=playground",100.0,1636549661,2021-11-10 13:07:41
