sub,rating,iat_original,iat
"geo:46.8532884,9.532565?q=Otello&u=30",75.0,1635602402,2021-10-30 14:00:02
